<!--
 ! Copyright 2009-2013 by The Regents of the University of California
 ! Licensed under the Apache License, Version 2.0 (the "License");
 ! you may not use this file except in compliance with the License.
 ! you may obtain a copy of the License from
 ! 
 !     http://www.apache.org/licenses/LICENSE-2.0
 ! 
 ! Unless required by applicable law or agreed to in writing, software
 ! distributed under the License is distributed on an "AS IS" BASIS,
 ! WITHOUT WARRANTIES OR CONDITIONS OF ANY KIND, either express or implied.
 ! See the License for the specific language governing permissions and
 ! limitations under the License.
 !-->
<cluster xmlns="cluster">
	<name>local</name>
	<working_dir>
		<dir>/tmp/asterix-installer</dir>
		<NFS>true</NFS>
	</working_dir>
	<log_dir>/tmp/asterix/logs</log_dir>
	<txn_log_dir>/tmp/asterix/txnLogs</txn_log_dir>
	<iodevices>/tmp/asterix</iodevices>
	<store>storage</store>
	<java_home></java_home>
	<master_node>
		<id>master</id>
		<client_ip>127.0.0.1</client_ip>
		<cluster_ip>127.0.0.1</cluster_ip>
		<cluster_port>1099</cluster_port>
		<client_port>1098</client_port>
		<http_port>8888</http_port>
	</master_node>
	<node>
		<id>node1</id>
		<cluster_ip>127.0.0.1</cluster_ip>
	</node>
</cluster>
